ritual_type,ritual_category,date_found,title,link,snippet,date_parsed,data_complete,date_parsed_v2
Christmas,Holiday,,December 2015 Calendar – United States - Time and Date,https://www.timeanddate.com/calendar/monthly.html?year=2015&month=12&country=1,"Date to Date Calculator (duration) · Business Date to Date ... Holidays and Observances: 24: Christmas Eve, 25: Christmas Day, 26: Day After Christmas Day,",,True,2015-12-25
Christmas,Holiday,,Christmas Day 2015 - Print a Calendar,https://print-a-calendar.com/holiday/christmas-day/2015,Friday December 25 · The next 10 Christmas Days · Want to see all holidays for a specific year? · Or want to see it along with a calendar?,,True,2015-12-25
Christmas,Holiday,,Christmas Day 2015 - Calendar Date,https://www.calendardate.com/christmas_day_2015.htm,"Christmas Day for the year 2015 is celebrated/ observed on Friday, December 25th. Christmas is a Christian celebration celebrating the birth of Jesus Christ.",,True,2015-12-25
Christmas,Holiday,,December 2015 Calendar,https://www.calendar-365.com/calendar/2015/December.html,"December 2015 Calendar ; December 7, Pearl Harbor Remembrance Day ; December 25, Christmas Day ; December 31, New Year's Eve ...",,True,2015-12-25
Christmas,Holiday,"Dec 25, 2020",Christmas 2015 - Calendar-12.com,https://www.calendar-12.com/holidays/christmas/2015,"Christmas in 2015 is on Friday, December 25 (fourth Friday of December). Check also the date of Christmas in 2026 and in the following years.",,True,2015-12-25
Christmas,Holiday,,December 2016 Calendar – United States - Time and Date,https://www.timeanddate.com/calendar/monthly.html?year=2016&month=12&country=1,"Date to Date Calculator (duration) · Business Date to Date (exclude ... Christmas Day, 26: 'Christmas Day' day off, 31: New Year's Eve · Phases of the ...",,True,2016-12-25
Christmas,Holiday,,Christmas Day 2016 - Print a Calendar,https://print-a-calendar.com/holiday/christmas-day/2016,"Christmas Day 2016, 2017, and beyond, including weekday and the number of days till then.",,True,2016-12-25
Christmas,Holiday,,December 2016 Calendar,https://www.calendar-365.com/calendar/2016/December.html,"December 7, Pearl Harbor Remembrance Day ; December 25, Christmas Day ; December 31, New Year's Eve ...",,True,2016-12-25
Christmas,Holiday,,Christmas Day 2016 - Calendar Date,https://www.calendardate.com/christmas_day_2016.htm,"Christmas Day for the year 2016 is celebrated/ observed on Sunday, December 25. Federal employee's and most people in the country will will enjoy Monday ...",,True,2016-12-25
Christmas,Holiday,,December 2016 Calendar (With Holidays) - Calendarr,https://www.calendarr.com/united-states/calendar-december-2016/,December 2016 Holidays and National Days · 1 Thu. National Christmas Lights Day · 1 Thu. National Eat A Red Apple Day · 1 Thu. World AIDS Day · 2 Fri. International ...,,True,2016-12-25
Christmas,Holiday,,December 2017 Calendar – United States - Time and Date,https://www.timeanddate.com/calendar/monthly.html?year=2017&month=12&country=1,"Holidays and Observances: 24: Christmas Eve, 25: Christmas Day, 31: New Year's Eve ... Date Calculators. Duration Between Two Dates – Calculates number of days ...",,True,2017-12-25
Christmas,Holiday,,Christmas Day 2017 - Calendar Date,https://www.calendardate.com/christmas_day_2017.htm,"Christmas Day for the year 2017 is celebrated/ observed on Monday, December 25th. Christmas is a Christian celebration celebrating the birth of Jesus Christ.",,True,2017-12-25
Christmas,Holiday,,December 2017 Calendar,https://www.calendar-365.com/calendar/2017/December.html,"December 7, Pearl Harbor Remembrance Day ; December 25, Christmas Day ; December 31, New Year's Eve ...",,True,2017-12-25
Christmas,Holiday,"Dec 25, 2023",Christmas 2017 - Calendar-12.com,https://www.calendar-12.com/holidays/christmas/2017,"Christmas in 2017 is on Monday, December 25 (fourth Monday of December). Check also the date of Christmas in 2026 and in the following years.",,True,2017-12-25
Christmas,Holiday,"Dec 25, 2017","December 25, 2017 Date in History: News, Social Media & Day Info",https://www.wincalendar.com/Calendar/Date/December-25-2017,"December 25, was the 1st of the 12 days of the Christmas Season (Twelvetide). December 25, 2017 Popular Holidays & Observances Worldwide ...",,True,2017-12-25
Christmas,Holiday,,December 2018 Calendar – United States - Time and Date,https://www.timeanddate.com/calendar/monthly.html?year=2018&month=12&country=1,"Holidays and Observances: 24: Christmas Eve, 25: Christmas Day, 31: New Year's Eve ... Date Calculators. Duration Between Two Dates – Calculates number of days ...",,True,2018-12-25
Christmas,Holiday,,Christmas Day 2018 - Calendar Date,https://www.calendardate.com/christmas_day_2018.htm,"Christmas Day 2018 is on Tuesday, December 25, celebrating the birth of Jesus Christ.",,True,2018-12-25
Christmas,Holiday,,Christmas Day 2018 - Print a Calendar,https://print-a-calendar.com/holiday/christmas-day/2018,Tuesday December 25 · The next 10 Christmas Days · Want to see all holidays for a specific year? · Or want to see it along with a calendar?,,True,2018-12-25
Christmas,Holiday,,December 2018 - 2026 Calendar,https://www.calendar-365.com/calendar/2018/December.html,"December 2018 Calendar ; December 7, Pearl Harbor Remembrance Day ; December 25, Christmas Day ; December 31, New Year's Eve ...",,True,2018-12-25
Christmas,Holiday,,When was Christmas Day in 2018? - Days To,https://days.to/when-is/christmas/2018,"Christmas Day, Tuesday, 25 December 2018 ; Christmas Day, Wednesday, 25 December 2019 ; Christmas Day, Friday, 25 December 2020 ; Christmas Day, Saturday, 25 ...",,True,2018-12-25
Christmas,Holiday,,December 2019 Calendar – United States - Time and Date,https://www.timeanddate.com/calendar/monthly.html?year=2019&month=12&country=1,"Date to Date Calculator (duration) · Business Date to Date (exclude ... Holidays and Observances: 24: Christmas Eve, 25: Christmas Day, 31: New Year's Eve ...",,True,2019-12-25
Christmas,Holiday,"Dec 25, 2024",Christmas 2019 - Calendar-12.com,https://www.calendar-12.com/holidays/christmas/2019,"Christmas in 2019 is on Wednesday, December 25 (fourth Wednesday of December). Check also the date of Christmas in 2026 and in the following ...",,True,2019-12-25
Christmas,Holiday,,Christmas Day 2019 - Print a Calendar,https://print-a-calendar.com/holiday/christmas-day/2019,Wednesday December 25 · The next 10 Christmas Days · Want to see all holidays for a specific year? · Or want to see it along with a calendar?,,True,2019-12-25
Christmas,Holiday,,December 2019 Calendar,https://www.calendar-365.com/calendar/2019/December.html,"December 2, Cyber Monday ; December 7, Pearl Harbor Remembrance Day ; December 25, Christmas Day ; December 31, New Year's Eve ...",,True,2019-12-25
Christmas,Holiday,,Christmas Day 2019 - Calendar Date,https://www.calendardate.com/christmas_day_2019.htm,"Christmas Day for the year 2019 is celebrated/ observed on Wednesday, December 25th. Christmas is a Christian celebration celebrating the birth of Jesus Christ.",,True,2019-12-25
Christmas,Holiday,,December 2020 Calendar,https://www.calendar-365.com/calendar/2020/December.html,"December 7, Pearl Harbor Remembrance Day ; December 25, Christmas Day ; December 31, New Year's Eve ...",,True,2020-12-25
Christmas,Holiday,,December 2020 Calendar – United States - Time and Date,https://www.timeanddate.com/calendar/monthly.html?year=2020&month=12&country=1,United States December 2020 – Calendar with American holidays. Monthly calendar for the month December in year 2020. Calendars – online and print friendly ...,,True,2020-12-25
Christmas,Holiday,,Christmas Day 2020 - Print a Calendar,https://print-a-calendar.com/holiday/christmas-day/2020,Friday December 25 · The next 10 Christmas Days · Want to see all holidays for a specific year? · Or want to see it along with a calendar?,,True,2020-12-25
Christmas,Holiday,"Mar 2, 2025",[PDF] Calendar for Year 2020 (United States),https://apps.abac.edu/registrar/academic_calendar/Archives/2020/2020%20Calendar.pdf,Nov 26 Thanksgiving Day. Dec 24 Christmas Eve. Dec 25 Christmas Day. Dec 31 New Year's Eve. Calendar generated on www.timeanddate.com/calendar.,,True,2020-12-25
Christmas,Holiday,,Christmas Day 2020 - Calendar Date,https://www.calendardate.com/christmas_day_2020.htm,"Christmas Day for the year 2020 is celebrated/ observed on Friday, December 25th. Christmas is a Christian celebration celebrating the birth of Jesus Christ.",,True,2020-12-25
Christmas,Holiday,,December 2021 Calendar – United States - Time and Date,https://www.timeanddate.com/calendar/monthly.html?year=2021&month=12&country=1,"Holidays and Observances: 24: 'Christmas Day' day off, 24: Christmas Eve, 25: Christmas Day, 31: 'New Year's Day' day off, 31: New Year's Eve ...",,True,2021-12-25
Christmas,Holiday,,Christmas Day 2021 - Print a Calendar,https://print-a-calendar.com/holiday/christmas-day/2021,Saturday December 25 · The next 10 Christmas Days · Want to see all holidays for a specific year? · Or want to see it along with a calendar?,,True,2021-12-25
Christmas,Holiday,,Christmas Day 2021 - Calendar Date,https://www.calendardate.com/christmas_day_2021.htm,"Christmas Day for the year 2021 is celebrated/ observed on Saturday, December 25. Federal employees and most people in the Nation will take Friday, December 24 ...",,True,2021-12-25
Christmas,Holiday,,December 2021 Calendar,https://www.calendar-365.com/calendar/2021/December.html,"December 7, Pearl Harbor Remembrance Day ; December 25, Christmas Day ; December 31, New Year's Eve ...",,True,2021-12-25
Christmas,Holiday,,[PDF] Calendar for Year 2021 (United States) - ABAC,https://devapps.abac.edu/administration/calendars/calendarPDFs/2021%20Calendar.pdf,Dec 24 'Christmas Day' observed. Dec 24 Christmas Eve. Dec 25 Christmas Day. Dec 31 'New Year's Day' observed. Dec 31 New Year's Eve. Calendar ...,,True,2021-12-25
Christmas,Holiday,,December 2022 Calendar – United States - Time and Date,https://www.timeanddate.com/calendar/monthly.html?year=2022&month=12&country=1,"... Christmas Day, 26: 'Christmas Day' day off, 31: New Year's Eve · Phases of the ... Date Calculators. Duration Between Two Dates – Calculates number of days ...",,True,2022-12-25
Christmas,Holiday,,"Christmas Day 2025, 2026 and further",https://www.calendar-365.com/holidays/christmas-day.html,"Today, most Christians celebrate Christmas on the date of December 25 in the Gregorian calendar, which is also the calendar in near-universal use in the secular ...",,True,2025-12-25
Christmas,Holiday,,Christmas - Wikipedia,https://en.wikipedia.org/wiki/Christmas,"Christmas is an annual festival commemorating the birth of Jesus Christ, observed primarily on December 25",,False,
Christmas,Holiday,,Christmas Day 2022 - Calendar Date,https://www.calendardate.com/christmas_day_2022.htm,"Christmas Day for the year 2022 is celebrated/ observed on Sunday, December 25. Federal employees along with most people in the United States will take Monday, ...",,True,2022-12-25
Christmas,Holiday,,Christmas 2022 - Weeknumber.com,https://weeknumber.com/2022/christmas,"Christmas 2022 – December 25 – was in week 52. Monday, December 19 – Sunday, December 25, 2022. Holidays. Sun, Dec 25: Christmas.",,True,2022-12-25
Christmas,Holiday,,Christmas Day 2023 - Calendar Date,https://www.calendardate.com/christmas_day_2023.htm,"Christmas Day for the year 2023 is celebrated/ observed on Monday, December 25th. Christmas is a Christian celebration celebrating the birth of Jesus Christ ...",,True,2023-12-25
Christmas,Holiday,,December 2023 Calendar – United States - Time and Date,https://www.timeanddate.com/calendar/monthly.html?year=2023&month=12&country=1,"Holidays and Observances: 24: Christmas Eve, 25: Christmas Day, 31: New Year's Eve ... Date Calculators. Duration Between Two Dates – Calculates number of days ...",,True,2023-12-25
Christmas,Holiday,,Christmas Day 2023 - Print a Calendar,https://print-a-calendar.com/holiday/christmas-day/2023,Monday December 25 · The next 10 Christmas Days · Want to see all holidays for a specific year? · Or want to see it along with a calendar?,,True,2023-12-25
Christmas,Holiday,,December 2024 Calendar – United States - Time and Date,https://www.timeanddate.com/calendar/monthly.html?year=2024&month=12&country=1,"Phases of the Moon: 1: N 8: 1Q 15: F 22: 3Q 30: N. Holidays and Observances: 24: Christmas Eve, 25: Christmas Day, 31: New Year's Eve ...",,True,2024-12-25
Christmas,Holiday,,Christmas Day 2024 - Calendar Date,https://www.calendardate.com/christmas_day_2024.htm,"Christmas Day for the year 2024 is celebrated/ observed on Wednesday, December 25th. Christmas is a Christian celebration celebrating the birth of Jesus Christ.",,True,2024-12-25
Christmas,Holiday,,"Christmas Day 2025, 2026 and further",https://www.calendar-365.com/holidays/christmas-day.html,"Today, most Christians celebrate Christmas on the date of December 25 in the Gregorian calendar, which is also the calendar in near-universal use in the ...",,True,2025-12-25
Christmas,Holiday,,"December 25, 2024: History, News, Top Tweets, Social Media & Day ...",https://www.wincalendar.com/Calendar/Date/December-25-2024,"December 25, was the 1st of the 12 days of the Christmas Season (Twelvetide). December 25, 2024 was the 1st day of Hanukkah (Jewish Observance). December 25, ...",,True,2024-12-25
Christmas,Holiday,2025-12-19,This year's Christmas is rare. See why its date is once-in-a-century.,https://www.usatoday.com/story/news/nation/2025/12/19/rare-christmas-date-2025/87846406007/,"And the next time it will happen is also 100 years out — Dec. 25, 2125. Christmas is always celebrated on Dec. 25. Date format is more widely ...",,True,2125-12-25
Christmas,Holiday,,December 2025 Calendar – United States - Time and Date,https://www.timeanddate.com/calendar/monthly.html?year=2025&month=12&country=1,"Holidays and Observances: 24: Christmas Eve, 25: Christmas Day, 31: New Year's Eve ... © Time and Date AS 1995–2025. Privacy & Terms.",,True,2025-12-25
Christmas,Holiday,,Christmas 2025 - Weeknumber.com,https://weeknumber.com/2025/christmas,"Christmas 2025 – December 25 – is in week 52. Monday, December 22 – Sunday, December 28, 2025. Holidays. Thu, Dec 25: Christmas.",,True,2025-12-28
Christmas,Holiday,,December 2025 Calendar (With Holidays) - Calendarr,https://www.calendarr.com/united-states/calendar-december-2025/,December 2025 Holidays and National Days · 1 Mon. National Christmas Lights Day · 1 Mon. Cyber Monday · 1 Mon. National Eat A Red Apple Day · 1 Mon. World AIDS Day.,,True,2025-12-25
Christmas,Holiday,,Christmas Day 2025 - Print a Calendar,https://print-a-calendar.com/holiday/christmas-day/2025,Thursday December 25 · The next 10 Christmas Days · Want to see all holidays for a specific year? · Or want to see it along with a calendar?,,True,2025-12-25
Easter,Holiday,,Easter 2015 - Calendar Date,https://www.calendardate.com/easter_2015.htm,"Easter for the year 2015 is celebrated/ observed on Sunday, April 5th. Easter also called Resurrection Sunday or Pascha is one of the most important days in ...",,True,2015-12-25
Easter,Holiday,,List of dates for Easter - Wikipedia,https://en.wikipedia.org/wiki/List_of_dates_for_Easter,"List of dates for Easter ; 2015, April 4, April 5, April 12 ; 2016, March 23, April 23, March 27 ; 2018, March 31, April 1, April 8.",,True,2015-12-25
Easter,Holiday,,Easter 2015 - Print a Calendar,https://print-a-calendar.com/holiday/easter/2015,Sunday April 5 · The next 10 Easters · Want to see all holidays for a specific year? · Or want to see it along with a calendar?,,True,2015-12-25
Easter,Holiday,,Easter Dates from 1600 to 2099 - U.S. Census Bureau,https://www.census.gov/data/software/x13as/genhol/easter-dates.html,"2015, April 5, 2016, March 27, 2017, April 16, 2018, April 1, 2019, April 21. 2020, April 12, 2021, April 4, 2022, April 17, 2023, April 9, 2024, March 31. 2025 ...",,True,2016-04-05
Easter,Holiday,"Mar 14, 2015","When is Easter in 2015, 2016, 2017, and historically? - Cleveland.com",https://www.cleveland.com/datacentral/2015/03/when_is_easter_in_2015_2016_20.html,"CLEVELAND, Ohio - Easter Sunday 2015 will be on April 5. Easter fell on April 20 in 2014, March 31 in 2013, April 8 in 2012 and April 24 in ...",,True,2015-12-25
Easter,Holiday,,Easter 2016 - Calendar Date,https://www.calendardate.com/easter_2016.htm,"Easter for the year 2016 is celebrated/ observed on Sunday, March 27th. Easter also called Resurrection Sunday or Pascha is one of the most important days in ...",,True,2016-12-25
Easter,Holiday,"Mar 27, 2022",Easter 2016 - Calendar-12.com,https://www.calendar-12.com/holidays/easter/2016,"Easter in 2016 is on Sunday, March 27 (fourth Sunday of March). Check also the date of Easter in 2026 and in the following years.",,True,2016-12-25
Easter,Holiday,,Easter 2016 - Print a Calendar,https://print-a-calendar.com/holiday/easter/2016,Sunday March 27 · The next 10 Easters · Want to see all holidays for a specific year? · Or want to see it along with a calendar?,,True,2016-12-25
Easter,Holiday,,Easter Dates from 1600 to 2099 - U.S. Census Bureau,https://www.census.gov/data/software/x13as/genhol/easter-dates.html,"2016, March 27, 2017, April 16, 2018, April 1, 2019, April 21. 2020, April 12, 2021, April 4, 2022, April 17, 2023, April 9, 2024, March 31. 2025, April 20 ...",,True,2017-03-27
Easter,Holiday,,Easter 2017 - Calendar Date,https://www.calendardate.com/easter_2017.htm,"Easter for the year 2017 is celebrated/ observed on Sunday, April 16th. Easter also called Resurrection Sunday or Pascha is one of the most important days in ...",,True,2017-12-25
Easter,Holiday,,List of dates for Easter,https://en.wikipedia.org/wiki/List_of_dates_for_Easter,"Astronomical Easter, Gregorian Easter, Julian Easter. 2015, April 4, April 5, April 12. 2016, March 23, April 23, March 27, May 1. 2017, April 11, April 16.",,True,2015-12-25
Easter,Holiday,"Apr 16, 2023",Easter 2017,https://www.calendar-12.com/holidays/easter/2017,"Easter in 2017 is on Sunday, April 16 (third Sunday of April). Check also the date of Easter in 2026 and in the following years.",,True,2017-12-25
Easter,Holiday,,Easter Dates from 1600 to 2099,https://www.census.gov/data/software/x13as/genhol/easter-dates.html,"2017, April 16, 2018, April 1, 2019, April 21. 2020, April 12, 2021, April 4, 2022, April 17, 2023, April 9, 2024, March 31. 2025, April 20, 2026, April 5, 2027 ...",,True,2018-04-16
Easter,Holiday,"Mar 20, 2017",When is Easter 2017: How Are Easter Dates Decided?,https://www.christianpost.com/news/when-is-easter-2017-how-are-easter-dates-decided.html,"Good Friday is taking place on April 14, followed by Holy Saturday on April 15. Then, Easter Sunday is on April 16, with Easter Monday scheduled ...",,True,2017-12-25
Easter,Holiday,,Easter 2018 - Calendar Date,https://www.calendardate.com/easter_2018.htm,"Easter for the year 2018 is celebrated/ observed on Sunday, April 1st. Easter also called Resurrection Sunday or Pascha is one of the most important days in ...",,True,2018-12-25
Easter,Holiday,,List of dates for Easter - Wikipedia,https://en.wikipedia.org/wiki/List_of_dates_for_Easter,"List of dates for Easter ; 2015, April 4, April 5 ; 2016, March 23, April 23 ; 2018, March 31, April 1 ; 2019, March 20, April 20 ; 2020, April 8, April 9 ...",,True,2015-12-25
Easter,Holiday,"Mar 28, 2018","Easter 2018: When and why it's celebrated, with eggs - Al Jazeera",https://www.aljazeera.com/features/2018/3/28/easter-2018-when-and-why-its-celebrated-with-eggs,"Easter 2018: This year, in the Gregorian calendar, Easter will fall on Sunday, April 1, and, in the Julian calendar, it will fall on Sunday, ...",,True,2018-12-25
Easter,Holiday,,Easter Dates from 1600 to 2099 - U.S. Census Bureau,https://www.census.gov/data/software/x13as/genhol/easter-dates.html,"2018, April 1, 2019, April 21. 2020, April 12, 2021, April 4, 2022, April 17, 2023, April 9, 2024, March 31. 2025, April 20, 2026, April 5, 2027, March 28, 2028 ...",,True,2019-04-01
Easter,Holiday,"Apr 1, 2018",Easter 2018 - Calendar-12.com,https://www.calendar-12.com/holidays/easter/2018,"Easter in 2018 is on Sunday, April 1 (first Sunday of April). Check also the date of Easter in 2026 and in the following years.",,True,2018-12-25
Easter,Holiday,,Why Is Easter 2019 So Late This Year? Blame It On The Moon,https://cor-satx.org/article/why-is-easter-2019-so-late-this-year-blame-it-on-the-moon/,"In 2019, Easter falls on Sunday, April 21st. You probably already knew that Easter falls on a different date each year... but why?",,True,2019-12-25
Easter,Holiday,,Easter 2019 - Calendar Date,https://www.calendardate.com/easter_2019.htm,"Easter for the year 2019 is celebrated/ observed on Sunday, April 21st. Easter also called Resurrection Sunday or Pascha is one of the most important days in ...",,True,2019-12-25
Easter,Holiday,,Why does the Easter date in 2019 fall on April 21 but not on March 24?,https://robinfo.oma.be/en/faq/why-does-the-easter-date-in-2019-fall-on-april-21-but-not-on-march-24/,The Easter date in 2019 is April 21. The reason why the two dates do not coincide is that the authorities of the Catholic Church do not want to depend on ...,,True,2019-12-25
Easter,Holiday,"Apr 16, 2019",When is Easter 2019 and why does the date change each year?,https://www.daytondailynews.com/news/national/when-easter-2018-and-why-does-the-date-change-each-year/1jYSE4ky2PRjlIkfIpjhTP/,"Easter falls on a Sunday after the March 21 spring equinox, it will always occur on a Sunday between March 22 and April 25.",,True,2019-12-25
Easter,Holiday,,List of dates for Easter - Wikipedia,https://en.wikipedia.org/wiki/List_of_dates_for_Easter,"2020, April 8, April 9, April 12, April 19. 2021, March 28, April 4, May 2. 2022, April 16, April 17, April 24. 2023, April 6, April 9, April 16. 2024, March 25 ...",,True,2020-12-25
Easter,Holiday,,Easter 2020 - Calendar Date,https://www.calendardate.com/easter_2020.htm,"Easter for the year 2020 is celebrated/ observed on Sunday, April 12th. Easter also called Resurrection Sunday or Pascha is one of the most important days in ...",,True,2020-12-25
Easter,Holiday,,Easter Dates from 1600 to 2099 - U.S. Census Bureau,https://www.census.gov/data/software/x13as/genhol/easter-dates.html,"2020, April 12, 2021, April 4, 2022, April 17, 2023, April 9, 2024, March 31. 2025, April 20, 2026, April 5, 2027, March 28, 2028, April 16, 2029, April 1. 2030 ...",,True,2021-04-12
Easter,Holiday,,When is Easter 2020? | Rotary Club of Hawthorn,https://hawthornrotary.org.au/stories/when-is-easter-2020,"In 2020 it falls on Sunday, April 12. Good Friday is therefore April 10, and the Easter Monday bank holiday is on April 13.",,True,2020-12-25
Easter,Holiday,,[PDF] FUTURE EASTER DATES - The Passion Trust,https://passiontrust.org/wp-content/uploads/2014/10/FUTURE-EASTER-DATES.pdf,The table below shows Easter Sunday dates from 2010 to 2049. EASTER SUNDAY DATES. 4 April 2010. 12 April 2020. 21 April 2030. 1 April 2040. 24 April 2011.,,True,2010-12-25
Easter,Holiday,,Easter 2021 - Calendar Date,https://www.calendardate.com/easter_2021.htm,"Easter 2021 is on Sunday, April 4, celebrating the resurrection of Jesus Christ for Catholics and other Christians.",,True,2021-12-25
Easter,Holiday,,List of dates for Easter - Wikipedia,https://en.wikipedia.org/wiki/List_of_dates_for_Easter,"List of dates for Easter ; March 20, April 20, March 24, April 21 ; April 8, April 9, April 12 ...",,False,
Easter,Holiday,"Apr 3, 2021",When Is Easter 2021? | How Easter's Date is Determined Why Does ...,https://www.5starwash.com/when-is-easter-2021-how-easters-date-is-determined-why-does-the-date-of-easter-change-every-year/,"Easter 2021 will be observed on Sunday, April 4! Easter is a “movable feast” that is always held on a Sunday between March 22 and April 25.",,True,2021-12-25
Easter,Holiday,,Easter Dates from 1600 to 2099 - U.S. Census Bureau,https://www.census.gov/data/software/x13as/genhol/easter-dates.html,"2021, April 4, 2022, April 17, 2023, April 9, 2024, March 31. 2025, April 20, 2026, April 5, 2027, March 28, 2028, April 16, 2029, April 1. 2030, April 21, 2031 ...",,True,2022-04-04
Easter,Holiday,,Easter 2021 - Print a Calendar,https://print-a-calendar.com/holiday/easter/2021,Sunday April 4 · The next 10 Easters · Want to see all holidays for a specific year? · Or want to see it along with a calendar?,,True,2021-12-25
Easter,Holiday,,List of dates for Easter - Wikipedia,https://en.wikipedia.org/wiki/List_of_dates_for_Easter,"2022, April 16, April 17, April 24. 2023, April 6, April 9, April 16. 2024, March 25, April 23, March 31, May 5. 2025, April 13, April 20. 2026, April 3, April ...",,True,2022-12-25
Easter,Holiday,,Easter 2022 - Calendar Date,https://www.calendardate.com/easter_2022.htm,"Easter for the year 2022 is celebrated/ observed on Sunday, April 17th. Easter also called Resurrection Sunday or Pascha is one of the most important days in ...",,True,2022-12-25
Easter,Holiday,,Easter Dates from 1600 to 2099 - U.S. Census Bureau,https://www.census.gov/data/software/x13as/genhol/easter-dates.html,"2022, April 17, 2023, April 9, 2024, March 31. 2025, April 20, 2026, April 5, 2027, March 28, 2028, April 16, 2029, April 1. 2030, April 21, 2031, April 13 ...",,True,2023-04-17
Easter,Holiday,"Mar 30, 2022",When is Easter 2022? How is Easter's date determined? - AL.com,https://www.al.com/news/2022/03/when-is-easter-2022-how-is-easters-date-determined.html,"Therefore, Easter will be observed on the subsequent Sunday, which is Sunday, April 17.”",,True,2022-12-25
Easter,Holiday,,[PDF] FUTURE EASTER DATES - The Passion Trust,https://passiontrust.org/wp-content/uploads/2014/10/FUTURE-EASTER-DATES.pdf,The table below shows Easter Sunday dates from 2010 to 2049. EASTER ... 17 April 2022. 28 March 2032 6 April 2042. 31 March 2013 9 April 2023. 17 April ...,,True,2010-12-25
Easter,Holiday,,List of dates for Easter - Wikipedia,https://en.wikipedia.org/wiki/List_of_dates_for_Easter,"2023, April 6, April 9, April 16. 2024, March 25, April 23, March 31, May 5. 2025, April 13, April 20. 2026, April 3, April 2, April 5, April 12. 2027, March 22 ...",,True,2023-12-25
Easter,Holiday,,Easter 2023 - Calendar Date,https://www.calendardate.com/easter_2023.htm,"Easter 2023 is on Sunday, April 9, celebrating the resurrection of Jesus Christ for Catholics and other Christians.",,True,2023-12-25
Easter,Holiday,"Mar 10, 2023",When Is Easter 2023 And Why Does The Date Change Every Year?,https://www.forbes.com/sites/jamiecartereurope/2023/03/10/when-is-easter-2023-and-why-does-the-date-change-every-year/,"This year Easter—a Christian celebration of Jesus Christ rising from the dead—will be held on Sunday, April 9 (for western Christians) and on ...",,True,2023-12-25
Easter,Holiday,,Easter Dates from 1600 to 2099 - U.S. Census Bureau,https://www.census.gov/data/software/x13as/genhol/easter-dates.html,"2023, April 9, 2024, March 31. 2025, April 20, 2026, April 5, 2027, March 28, 2028, April 16, 2029, April 1. 2030, April 21, 2031, April 13, 2032, March 28 ...",,True,2024-04-09
Easter,Holiday,,[PDF] FUTURE EASTER DATES - The Passion Trust,https://passiontrust.org/wp-content/uploads/2014/10/FUTURE-EASTER-DATES.pdf,The table below shows Easter Sunday dates from 2010 to 2049. EASTER SUNDAY ... 31 March 2013 9 April 2023. 17 April 2033. 29 March 2043. 20 April 2014. 31 ...,,True,2010-12-25
Easter,Holiday,,List of dates for Easter - Wikipedia,https://en.wikipedia.org/wiki/List_of_dates_for_Easter,"List of dates for Easter ; April 17, April 18, April 21 ; April 7, April 8, April 13.",,False,
Easter,Holiday,,Easter 2024 - Calendar Date,https://www.calendardate.com/easter_2024.htm,"Easter 2024 is on Sunday, March 31, celebrating the resurrection of Jesus Christ for Catholics and other Christians.",,True,2024-12-25
Easter,Holiday,"Mar 22, 2024",How is Easter 2024 date determined and why does it ... - Florida Today,https://www.floridatoday.com/story/news/2024/03/22/how-easter-2024-date-determined-why-does-change-each-year/73050580007/,"This year Easter will take place on March 31, 2024. For non-Orthodox Christians, Easter can never occur before March 22 or later than April 25.",,True,2024-03-31
Easter,Holiday,,Easter Dates from 1600 to 2099 - U.S. Census Bureau,https://www.census.gov/data/software/x13as/genhol/easter-dates.html,"2024, March 31. 2025, April 20, 2026, April 5, 2027, March 28, 2028, April 16, 2029, April 1. 2030, April 21, 2031, April 13, 2032, March 28, 2033, April 17 ...",,True,2026-04-20
Easter,Holiday,"Mar 18, 2024",Easter 2024: Why is holiday so early this year? | LiveNOW from FOX,https://www.livenowfox.com/news/easter-2024-why-holiday-so-early-this-year,"But each year, Easter falls on a different day – and this year it's coming a little early. In 2024, Easter falls on Sunday, March 31.",,True,2024-12-25
Easter,Holiday,,Easter 2025 - Calendar Date,https://www.calendardate.com/easter_2025.htm,"Easter 2025 is on Sunday, April 20, celebrating the resurrection of Jesus Christ for Catholics and other Christians.",,True,2025-12-25
Easter,Holiday,,List of dates for Easter - Wikipedia,https://en.wikipedia.org/wiki/List_of_dates_for_Easter,"In 2003, 2014 and 2025, ANZAC Day fell on the Friday after Easter, and in 2019 it fell on the Thursday after Easter, and in 2038 it will fall on Easter ...",,True,2003-12-25
Easter,Holiday,,Easter Dates from 1600 to 2099 - U.S. Census Bureau,https://www.census.gov/data/software/x13as/genhol/easter-dates.html,"2025, April 20, 2026, April 5, 2027, March 28, 2028, April 16, 2029, April 1. 2030, April 21, 2031, April 13, 2032, March 28, 2033, April 17, 2034, April 9.",,True,2026-04-20
Easter,Holiday,"Mar 26, 2025",When Is Easter 2025? It's a Late One This Year,https://www.countryliving.com/life/inspirational-stories/a26430267/how-is-easter-date-determined/,"Always the first Sunday after the first full moon following the spring equinox, Easter can fall anywhere from March 22 to April 25.",,True,2025-12-25
Easter,Holiday,"Apr 4, 2025",When Is Easter 2025? Here's Why It Falls So Late This Year,https://www.thepioneerwoman.com/holidays-celebrations/a35351693/when-is-easter/,"Easter falls on Sunday, April 20, 2025. This may feel a bit late for some, but it's just the way things worked out this year!",,True,2025-04-20
St. Patrick's Day,Holiday,,St Patrick's Day 2015 - Calendar Date,https://www.calendardate.com/st_patricks_day_2015.htm,"St Patrick's Day 2015 is on Tuesday, March 17, celebrates the feast of Saint Patrick in honor or Irelands patron St Patrick.",,True,2015-12-25
St. Patrick's Day,Holiday,"Mar 17, 2020",Saint Patrick's Day 2015 - Calendar-12.com,https://www.calendar-12.com/holidays/saint_patricks_day/2015,"Saint Patrick's Day in 2015 is on Tuesday, March 17 (third Tuesday of March). Check also the date of Saint Patrick's Day in 2026 and in the ...",,True,2015-12-25
St. Patrick's Day,Holiday,,St. Patrick's Day 2015 - Print a Calendar,https://print-a-calendar.com/holiday/st.-patricks-day/2015,Tuesday March 17 · The next 10 St. Patrick's Days · Want to see all holidays for a specific year? · Or want to see it along with a calendar?,,True,2015-12-25
St. Patrick's Day,Holiday,,Saint Patrick's Day - Wikipedia,https://en.wikipedia.org/wiki/Saint_Patrick%27s_Day,"Saint Patrick's Day, or the Feast of Saint Patrick is a religious and cultural holiday held on 17 March, the traditional death date of Saint Patrick ( c.",,False,
St. Patrick's Day,Holiday,"Jan 27, 2015",St. Patrick's Day: March 17 - U.S. Census Bureau,https://www.census.gov/newsroom/facts-for-features/2015/cb15-ff04.html,Facts for Features: Irish-American Heritage Month (March) and St. Patrick's Day (March 17): 2015. Congress proclaimed March as Irish-American ...,,True,2015-12-25
St. Patrick's Day,Holiday,,St Patrick's Day 2016 - Calendar Date,https://www.calendardate.com/st_patricks_day_2016.htm,"St Patrick's Day 2016 is on Thursday, March 17, celebrates the feast of Saint Patrick in honor or Irelands patron St Patrick.",,True,2016-12-25
St. Patrick's Day,Holiday,,St. Patrick's Day 2016 - Print a Calendar,https://print-a-calendar.com/holiday/st.-patricks-day/2016,Thursday March 17 · The next 10 St. Patrick's Days · Want to see all holidays for a specific year? · Or want to see it along with a calendar?,,True,2016-12-25
St. Patrick's Day,Holiday,"Mar 17, 2016",When is St. Patrick's Day 2016 - Countdown Timer Online - vClock,https://vclock.com/timer/st-patricks-day/2016/,"Saint Patrick's Day, or the Feast of Saint Patrick, is a cultural and religious celebration held on 17 March, the traditional death date of ...",,True,2016-12-25
St. Patrick's Day,Holiday,,St. Patrick's Day 2016 - Weeknumber.ie,https://weeknumber.ie/2016/st.-patrick%E2%80%99s-day,"St. Patrick's Day 2016 – 17 March – was in week 11. Monday 14 – Sunday 20 March 2016. Holidays. Thu, 17 Mar: St. Patrick's Day.",,True,2016-12-25
St. Patrick's Day,Holiday,"Mar 17, 2023",Saint Patrick's Day 2017 - Calendar-12.com,https://www.calendar-12.com/holidays/saint_patricks_day/2017,"Saint Patrick's Day in 2017 is on Friday, March 17 (third Friday of March). Check also the date of Saint Patrick's Day in 2026 and in the ...",,True,2017-12-25
St. Patrick's Day,Holiday,,St Patrick's Day 2017 - Calendar Date,https://www.calendardate.com/st_patricks_day_2017.htm,"St Patrick's Day for the year 2017 is celebrated/ observed on Friday, March 17th. St. Patrick's Day also called Feast of St. Patrick, and St. Patty's day is ...",,True,2017-12-25
St. Patrick's Day,Holiday,,St. Patrick's Day 2017 - Print a Calendar,https://print-a-calendar.com/holiday/st.-patricks-day/2017,Friday March 17 · The next 10 St. Patrick's Days · Want to see all holidays for a specific year? · Or want to see it along with a calendar?,,True,2017-12-25
St. Patrick's Day,Holiday,,Saint Patrick's Day - Wikipedia,https://en.wikipedia.org/wiki/Saint_Patrick%27s_Day,"In 2017, the Russian Orthodox Church added the feast day of Saint Patrick to its liturgical calendar, to be celebrated on 30 March [O.S. 17 March].",,True,2017-12-25
St. Patrick's Day,Holiday,,St. Patrick's Day 2017 - Weeknumber.ie,https://weeknumber.ie/2017/st.-patrick%E2%80%99s-day,"St. Patrick's Day 2017 – 17 March – was in week 11. Monday 13 – Sunday 19 March 2017. Holidays. Fri, 17 Mar: St. Patrick's Day.",,True,2017-12-25
St. Patrick's Day,Holiday,,St Patrick's Day 2018 - Calendar Date,https://www.calendardate.com/st_patricks_day_2018.htm,"St Patrick's Day for the year 2018 is celebrated/ observed on Saturday, March 17th. St. Patrick's Day also called Feast of St. Patrick, and St. Patty's day is ...",,True,2018-12-25
St. Patrick's Day,Holiday,,St. Patrick's Day 2018 - Print a Calendar,https://print-a-calendar.com/holiday/st.-patricks-day/2018,Saturday March 17 · The next 10 St. Patrick's Days · Want to see all holidays for a specific year? · Or want to see it along with a calendar?,,True,2018-12-25
St. Patrick's Day,Holiday,"Mar 17, 2018",Saint Patrick's Day 2018 - Calendar-12.com,https://www.calendar-12.com/holidays/saint_patricks_day/2018,"Saint Patrick's Day in 2018 is on Saturday, March 17 (third Saturday of March). Check also the date of Saint Patrick's Day in 2026 and in ...",,True,2018-12-25
St. Patrick's Day,Holiday,"Mar 17, 2018",When is St. Patrick's Day 2018 - Countdown Timer Online - vClock,https://vclock.com/timer/st-patricks-day/2018/,"Saint Patrick's Day, or the Feast of Saint Patrick, is a cultural and religious celebration held on 17 March, the traditional death date of Saint Patrick.",,True,2018-12-25
St. Patrick's Day,Holiday,,St Patrick's Day 2019 - Calendar Date,https://www.calendardate.com/st_patricks_day_2019.htm,"St Patrick's Day for the year 2019 is celebrated/ observed on Sunday, March 17th. St. Patrick's Day also called Feast of St. Patrick, and St. Patty's day is ...",,True,2019-12-25
St. Patrick's Day,Holiday,"Mar 17, 2024",Saint Patrick's Day 2019 - Calendar-12.com,https://www.calendar-12.com/holidays/saint_patricks_day/2019,"Saint Patrick's Day in 2019 is on Sunday, March 17 (third Sunday of March). Check also the date of Saint Patrick's Day in 2026 and in the ...",,True,2019-12-25
St. Patrick's Day,Holiday,,Saint Patrick's Day - Wikipedia,https://en.wikipedia.org/wiki/Saint_Patrick%27s_Day,"a religious and cultural holiday held on 17 March, the traditional death date of Saint Patrick ( c. 385 – c. 461), the foremost patron saint of Ireland.",,False,
St. Patrick's Day,Holiday,,St. Patrick's Day 2019 - Weeknumber.ie,https://weeknumber.ie/2019/st.-patrick%E2%80%99s-day,"St. Patrick's Day 2019 – 17 March – was in week 11. Monday 11 – Sunday 17 March 2019. Holidays. Sun, 17 Mar: St. Patrick's Day.",,True,2019-12-25
St. Patrick's Day,Holiday,"Mar 17, 2019",When is St. Patrick's Day 2019 - Countdown Timer Online - vClock,https://vclock.com/timer/st-patricks-day/2019/,"Saint Patrick's Day, or the Feast of Saint Patrick, is a cultural and religious celebration held on 17 March, the traditional death date of ...",,True,2019-12-25
St. Patrick's Day,Holiday,,St. Patrick's Day 2020 - Print a Calendar,https://print-a-calendar.com/holiday/st.-patricks-day/2020,Tuesday March 17 · The next 10 St. Patrick's Days · Want to see all holidays for a specific year? · Or want to see it along with a calendar?,,True,2020-12-25
St. Patrick's Day,Holiday,,St Patrick's Day 2020 - Calendar Date,https://www.calendardate.com/st_patricks_day_2020.htm,"St Patrick's Day 2020 is on Tuesday, March 17, celebrates the feast of Saint Patrick in honor or Irelands patron St Patrick.",,True,2020-12-25
St. Patrick's Day,Holiday,"Mar 17, 2020",Saint Patrick's Day 2020 - Calendar-12.com,https://www.calendar-12.com/holidays/saint_patricks_day/2020,"Saint Patrick's Day in 2020 is on Tuesday, March 17 (third Tuesday of March). Check also the date of Saint Patrick's Day in 2026 and in the ...",,True,2020-12-25
St. Patrick's Day,Holiday,,When is** # **St. Patrick's Day? - Facebook,https://www.facebook.com/groups/LoveIrelandGroup/posts/1902353500301805/,"☘️ ☘️ ☘️ Saint Patrick's Day (Irish: Lá Fhéile Pádraig), is a cultural and religious celebration held on 17 March, the death date of Saint Patrick (c. 385 – c. 461) ...",,False,
St. Patrick's Day,Holiday,,St. Patrick's Day 2021 - Print a Calendar,https://print-a-calendar.com/holiday/st.-patricks-day/2021,Wednesday March 17 · The next 10 St. Patrick's Days · Want to see all holidays for a specific year? · Or want to see it along with a calendar?,,True,2021-12-25
St. Patrick's Day,Holiday,,St Patrick's Day 2021 - Calendar Date,https://www.calendardate.com/st_patricks_day_2021.htm,"St Patrick's Day for the year 2021 is celebrated/ observed on Wednesday, March 17th. St. Patrick's Day also called Feast of St. Patrick, and St. Patty's day is ...",,True,2021-12-25
St. Patrick's Day,Holiday,"Mar 17, 2021","Happy St. Patrick's Day on March 17, 2021 History and traditions",https://www.ccdc.edu/happy-st-patricks-day-on-march-17-2021/,"Patrick's Day is celebrated annually on March 17, the anniversary of his death in the fifth century. The Irish have observed this day as a ...",,True,2021-03-17
St. Patrick's Day,Holiday,,St. Patrick's Day - Hallmark Corporate,https://corporate.hallmark.com/holidays-occasions/st-patricks-day/,"Always observed on March 17. History and legend intertwine to create the story of St. Patrick; however, the only definite statement that can be made about St. ...",,False,
St. Patrick's Day,Holiday,,St Patrick's Day 2022 - Calendar Date,https://www.calendardate.com/st_patricks_day_2022.htm,"St Patrick's Day for the year 2022 is celebrated/ observed on Thursday, March 17th. St. Patrick's Day also called Feast of St. Patrick, and St. Patty's day is ...",,True,2022-12-25
St. Patrick's Day,Holiday,,St. Patrick's Day 2026 in the United States - Time and Date,https://www.timeanddate.com/holidays/us/st-patrick-day,"St Patrick's Day, on March 17, remembers one of Ireland's patron saints, St Patrick. It largely celebrates Irish-American culture in the United States.",,True,2026-12-25
St. Patrick's Day,Holiday,"Mar 17, 2022",Saint Patrick's Day 2022 - Calendar-12.com,https://www.calendar-12.com/holidays/saint_patricks_day/2022,"Saint Patrick's Day in 2022 is on Thursday, March 17 (third Thursday of March). Check also the date of Saint Patrick's Day in 2026 and in ...",,True,2022-12-25
St. Patrick's Day,Holiday,,ST. PATRICK'S DAY - March 17th - National Day Calendar,https://www.nationaldaycalendar.com/national-day/st-patricks-day-march-17th,"St. Patrick's Day kicks off a worldwide celebration also known as the Feast of St. Patrick. On March 17th, many will wear green in honor of the Irish and ...",,False,
St. Patrick's Day,Holiday,,St Patrick's Day 2023 - Calendar Date,https://www.calendardate.com/st_patricks_day_2023.htm,"St Patrick's Day 2023 is on Friday, March 17, celebrates the feast of Saint Patrick in honor or Irelands patron St Patrick.",,True,2023-12-25
St. Patrick's Day,Holiday,,St. Patrick's Day 2023 - Print a Calendar,https://print-a-calendar.com/holiday/st.-patricks-day/2023,Friday March 17 · The next 10 St. Patrick's Days · Want to see all holidays for a specific year? · Or want to see it along with a calendar?,,True,2023-12-25
St. Patrick's Day,Holiday,"Mar 17, 2023","March 17, 2023 | ST. PATRICK'S DAY | NATIONAL CORNED BEEF ...",https://www.nationaldaycalendar.com/read/march-17-2023-st-patricks-day-national-corned-beef-and-cabbage-day,On March 17th National Corned Beef and Cabbage Day coincide with St. Patrick's Day in the United States.,,True,2023-03-17
St. Patrick's Day,Holiday,,St Patrick's Day 2024 - Calendar Date,https://www.calendardate.com/st_patricks_day_2024.htm,"St Patrick's Day 2024 is on Sunday, March 17, celebrates the feast of Saint Patrick in honor or Irelands patron St Patrick.",,True,2024-12-25
St. Patrick's Day,Holiday,"Mar 5, 2024","When is St. Patrick's Day 2024? Date, history and a list of Cincinnati ...",https://www.cincinnati.com/story/entertainment/2024/03/05/st-patricks-day-what-day-is-it-who-was-saint-patrick/72849029007/,"St. Patrick's Day occurs annually on March 17. In 2024, March 17 is a Sunday. Need a news break? Check out the all new PLAY ...",,True,2024-12-25
St. Patrick's Day,Holiday,,St. Patrick's Day 2024 - Print a Calendar,https://print-a-calendar.com/holiday/st.-patricks-day/2024,Sunday March 17 · The next 10 St. Patrick's Days · Want to see all holidays for a specific year? · Or want to see it along with a calendar?,,True,2024-12-25
St. Patrick's Day,Holiday,"Mar 1, 2024",St. Patrick's Day 2024: When is it and why we celebrate,https://www.azcentral.com/story/entertainment/holidays/2024/03/01/when-is-st-patricks-day-2024/72634494007/,"St. Patrick's Day is on Sunday, March 17, 2024. Is St. Patrick's Day the same date every year? St. Patrick's Day is ...",,True,2024-03-17
St. Patrick's Day,Holiday,"Mar 14, 2025",When is St. Patrick's Day 2025? - NBC 4 New York,https://www.nbcnewyork.com/holidays/when-is-st-patricks-day-2025-what-to-know-about-the-holiday/6187926/,"St. Patrick's Day 2025 falls on Monday, March 17, 2025. When is the NYC St. Patrick's Day Parade? Holidays. From ...",,True,2025-03-17
St. Patrick's Day,Holiday,,St. Patrick's Day 2025 - Print a Calendar,https://print-a-calendar.com/holiday/st.-patricks-day/2025,Monday March 17 · The next 10 St. Patrick's Days · Want to see all holidays for a specific year? · Or want to see it along with a calendar?,,True,2025-12-25
St. Patrick's Day,Holiday,"Mar 13, 2025",When is St. Patrick's Day 2025? Why do we wear green,https://www.delawareonline.com/story/life/2025/03/13/when-is-st-patricks-day-2025-why-do-we-wear-green/82361846007/,"This year, Monday, March 17, 2025, is Saint Patrick's Day. Many parades and other events in Delaware are scheduled for March 15 and 16.",,True,2025-03-17
St. Patrick's Day,Holiday,,St Patrick's Day 2025 - Calendar Date,https://www.calendardate.com/st_patricks_day_2025.htm,"St Patrick's Day for the year 2025 is celebrated/ observed on Monday, March 17th. St. Patrick's Day also called Feast of St. Patrick, and St. Patty's day is ...",,True,2025-12-25
Halloween,Holiday,,Halloween 2015 - Calendar Date,https://www.calendardate.com/halloween_2015.htm,"Halloween for the year 2015 is celebrated/ observed on Saturday, October 31st. Halloween also referred to as Allhalloween, All Hallows' Eve, or All Saints' Eve ...",,True,2015-12-25
Halloween,Holiday,,Halloween 2015,https://print-a-calendar.com/holiday/halloween/2015,Saturday October 31 · The next 10 Halloweens · Want to see all holidays for a specific year? · Or want to see it along with a calendar?,,True,2015-12-25
Halloween,Holiday,"Oct 31, 2020",Halloween 2015,https://www.calendar-12.com/holidays/halloween/2015,"Halloween in 2015 is on Saturday, October 31 (fifth Saturday of October). Check also the date of Halloween in 2026 and in the following years.",,True,2015-12-25
Halloween,Holiday,"Sep 8, 2015",Was the 666th Halloween Celebrated in October 2015?,https://www.snopes.com/fact-check/666th-halloween/,"In September 2015, a rumor started circulating via Twitter that the Halloween celebrated on Oct. 31, 2015, would be the 666th such event in history.",,True,2015-12-25
Halloween,Holiday,,Halloween,https://en.wikipedia.org/wiki/Halloween,"Halloween, also known as All Hallows' Eve, or All Saints' Eve, is a celebration observed in many countries on 31 October, the eve of the Western Christian ...",,False,
Halloween,Holiday,,Halloween 2016 - Calendar Date,https://www.calendardate.com/halloween_2016.htm,"Halloween for the year 2016 is celebrated/ observed on Monday, October 31st. Halloween also referred to as Allhalloween, All Hallows' Eve, or All Saints' Eve ...",,True,2016-12-25
Halloween,Holiday,,Halloween 2016 - Calendar-12.com,https://www.calendar-12.com/holidays/halloween/2016,"Halloween in 2016 is on Monday, October 31 (fifth Monday of October). Check also the date of Halloween in 2026 and in the following years.",,True,2016-12-25
Halloween,Holiday,,Halloween 2016 - Print a Calendar,https://print-a-calendar.com/holiday/halloween/2016,Monday October 31 · The next 10 Halloweens · Want to see all holidays for a specific year? · Or want to see it along with a calendar?,,True,2016-12-25
Halloween,Holiday,"Oct 17, 2016","""Halloween: Oct. 31, 2016"" - U.S. Census Bureau",https://www.census.gov/newsroom/facts-for-features/2016/cb16-ff20.html,"""Halloween: Oct. 31, 2016"" ... Halloween, which dates back to Celtic rituals thousands of years ago, has long been associated with images of ...",,True,2016-12-25
Halloween,Holiday,,Halloween - Wikipedia,https://en.wikipedia.org/wiki/Halloween,"Halloween, also known as All Hallows' Eve, or All Saints' Eve, is a celebration observed in many countries on 31 October, the eve of the Western Christian ...",,False,
Halloween,Holiday,,Halloween 2017 - Calendar Date,https://www.calendardate.com/halloween_2017.htm,"Halloween for the year 2017 is celebrated/ observed on Tuesday, October 31st. Halloween also referred to as Allhalloween, All Hallows' Eve, or All Saints' Eve.",,True,2017-12-25
Halloween,Holiday,,Halloween 2017 - Print a Calendar,https://print-a-calendar.com/holiday/halloween/2017,Tuesday October 31 · The next 10 Halloweens · Want to see all holidays for a specific year? · Or want to see it along with a calendar?,,True,2017-12-25
Halloween,Holiday,"Oct 31, 2023",Halloween 2017 - Calendar-12.com,https://www.calendar-12.com/holidays/halloween/2017,"Halloween in 2017 is on Tuesday, October 31 (fifth Tuesday of October). Check also the date of Halloween in 2026 and in the following years.",,True,2017-12-25
Halloween,Holiday,"Oct 31, 2017",When is Halloween 2017 - Countdown Timer Online - vClock,https://vclock.com/timer/halloween/2017/,"Halloween 2017, Oct 31, 2017 ; Halloween 2018, Oct 31, 2018 ; Halloween 2019, Oct 31, 2019 ; Halloween 2020, Oct 31, 2020 ; Halloween 2021, Oct 31, ...",,True,2017-12-25
Halloween,Holiday,,Halloween Dates - When is Halloween in US? - Calendarific,https://calendarific.com/holiday/us/halloween,"2017, Tuesday, October 31 ; 2018, Wednesday, October 31 ; 2019, Thursday, October 31 ; 2020, Saturday, October 31 ...",,True,2017-12-25
Halloween,Holiday,,Halloween (2018 film) - Wikipedia,https://en.wikipedia.org/wiki/Halloween_(2018_film),"Halloween was released digitally on December 28, 2018, and was released on 4K Ultra HD Blu-ray, Blu-ray, and DVD on January 15, 2019. Reception. edit ...",,True,2018-12-28
Halloween,Holiday,,Halloween (2018) - IMDb,https://www.imdb.com/title/tt1502407/,"Release date · October 19, 2018 (United States) · Country of origin. United States · Official sites. Official Site · Official Site (Japan) · Language. English.",,True,2018-10-19
Halloween,Holiday,,Halloween 2018 - Print a Calendar,https://print-a-calendar.com/holiday/halloween/2018,Wednesday October 31 · The next 10 Halloweens · Want to see all holidays for a specific year? · Or want to see it along with a calendar? (12 months on ...,,True,2018-12-25
Halloween,Holiday,,Halloween 2018 - Calendar Date,https://www.calendardate.com/halloween_2018.htm,"Halloween 2018 in the United States is on Wednesday, October 31, celebrating the Eve of All Hallows day or better known as All Saints' Day.",,True,2018-12-25
Halloween,Holiday,"Oct 18, 2025",Halloween Fans - Facebook,https://www.facebook.com/HalloweenFansOfficial/posts/on-this-day-october-19-halloween-2018-was-released-in-theaters-marking-the-long-/1443055427544612/,"On this day, October 19, Halloween (2018) was released in theaters, marking the long-awaited return of Michael Myers and Laurie Strode to the ...",,True,2018-12-25
Halloween,Holiday,,Halloween 2019 - Calendar Date,https://www.calendardate.com/halloween_2019.htm,"Halloween for the year 2019 is celebrated/ observed on Thursday, October 31st. Halloween also referred to as Allhalloween, All Hallows' Eve, or All Saints' Eve.",,True,2019-12-25
Halloween,Holiday,,Halloween 2019 - Calendar-12.com,https://www.calendar-12.com/holidays/halloween/2019,"Halloween in 2019 is on Thursday, October 31 (fifth Thursday of October). Check also the date of Halloween in 2026 and in the following years.",,True,2019-12-25
Halloween,Holiday,"Oct 18, 2019",31th October. Halloween date marked on October 2019 calendar,https://kcemployees.com/2019/10/20/third-payday-of-the-month-oct-31/31th-october-halloween-date-marked-on-october-2019-calendar/,"31th October. Halloween date marked on October 2019 calendar. Category: ← Third payday of the month, Oct. 31",,True,2019-12-25
Halloween,Holiday,,Halloween 2019 - Print a Calendar,https://print-a-calendar.com/holiday/halloween/2019,Thursday October 31 · The next 10 Halloweens · Want to see all holidays for a specific year? · Or want to see it along with a calendar?,,True,2019-12-25
Halloween,Holiday,,Halloween 2020 - Calendar Date,https://www.calendardate.com/halloween_2020.htm,"Halloween for the year 2020 is celebrated/ observed on Saturday, October 31st. Halloween also referred to as Allhalloween, All Hallows' Eve, or All Saints' Eve ...",,True,2020-12-25
Halloween,Holiday,,Halloween 2020 - Print a Calendar,https://print-a-calendar.com/holiday/halloween/2020,Saturday October 31 · The next 10 Halloweens · Want to see all holidays for a specific year? · Or want to see it along with a calendar?,,True,2020-12-25
Halloween,Holiday,"Oct 31, 2020",Halloween 2020 - Calendar-12.com,https://www.calendar-12.com/holidays/halloween/2020,"Halloween in 2020 is on Saturday, October 31 (fifth Saturday of October). Check also the date of Halloween in 2026 and in the following years.",,True,2020-12-25
Halloween,Holiday,,Halloween 2020 - Time and Date,https://www.timeanddate.com/countdown/halloween?msg=Halloween%202020&p0=132&year=2020&month=10&day=31&hour=0&min=0&sec=0,"Many Americans celebrate Halloween on October 31. Celebrations include costume parties and trick-or-treating. Many people around the world celebrate Halloween, ...",,True,2020-12-25
Halloween,Holiday,,Halloween 2021 - Calendar Date,https://www.calendardate.com/halloween_2021.htm,"Halloween for the year 2021 is celebrated/ observed on Sunday, October 31st. Halloween also referred to as Allhalloween, All Hallows' Eve, or All Saints' Eve ...",,True,2021-12-25
Halloween,Holiday,,Halloween 2021 - Calendar-12.com,https://www.calendar-12.com/holidays/halloween/2021,"Halloween in 2021 is on Sunday, October 31 (fifth Sunday of October). Check also the date of Halloween in 2026 and in the following years.",,True,2021-12-25
Halloween,Holiday,,Halloween 2021 - Time and Date,https://www.timeanddate.com/countdown/halloween?iso=20211031T160000&p0=1305&msg=Halloween+2021+%F0%9F%8E%83+,Many Americans celebrate Halloween on October 31. Celebrations include costume parties and trick-or-treating. Four children wearing costumes with pumpkin trick ...,,True,2021-12-25
Halloween,Holiday,,Halloween 2021 - Print a Calendar,https://print-a-calendar.com/holiday/halloween/2021,Sunday October 31 · The next 10 Halloweens · Want to see all holidays for a specific year? · Or want to see it along with a calendar?,,True,2021-12-25
Halloween,Holiday,,Halloween 2022 - Calendar Date,https://www.calendardate.com/halloween_2022.htm,"Halloween for the year 2022 is celebrated/ observed on Monday, October 31st. Halloween also referred to as Allhalloween, All Hallows' Eve, or All Saints' Eve ...",,True,2022-12-25
Halloween,Holiday,,Halloween 2022 - Print a Calendar,https://print-a-calendar.com/holiday/halloween/2022,Monday October 31 · The next 10 Halloweens · Want to see all holidays for a specific year? · Or want to see it along with a calendar?,,True,2022-12-25
Halloween,Holiday,"Sep 8, 2022","Halloween: October 31, 2022 - U.S. Census Bureau",https://www.census.gov/newsroom/facts-for-features/2022/halloween.html,"Halloween: October 31, 2022 ... Dating back 2,000 years to the Celtic festival of Samhain, Halloween has evolved into a celebration characterized ...",,True,2022-10-31
Halloween,Holiday,,Halloween 2022 - Calendar-12.com,https://www.calendar-12.com/holidays/halloween/2022,"Halloween in 2022 is on Monday, October 31 (fifth Monday of October). Check also the date of Halloween in 2026 and in the following years.",,True,2022-12-25
Halloween,Holiday,,Halloween 2023 - Calendar Date,https://www.calendardate.com/halloween_2023.htm,"Halloween 2023 in the United States is on Tuesday, October 31, celebrating the Eve of All Hallows day or better known as All Saints' Day.",,True,2023-12-25
Halloween,Holiday,,Halloween 2023 - Print a Calendar,https://print-a-calendar.com/holiday/halloween/2023,Tuesday October 31 · The next 10 Halloweens · Want to see all holidays for a specific year? · Or want to see it along with a calendar?,,True,2023-12-25
Halloween,Holiday,"Sep 4, 2023",When is Halloween 2023 and why do we celebrate it? - USA Today,https://www.usatoday.com/story/life/holidaykind/2023/09/04/when-is-halloween-2023/70613622007/,"Halloween 2023 falls on Tuesday, October 31. While it is hard to throw a Halloween house party or visit a haunted house on a weekday, “ ...",,True,2023-12-25
Halloween,Holiday,"Oct 31, 2023",Halloween 2023 - Calendar-12.com,https://www.calendar-12.com/holidays/halloween/2023,"Halloween in 2023 is on Tuesday, October 31 (fifth Tuesday of October). Check also the date of Halloween in 2026 and in the following years.",,True,2023-12-25
Halloween,Holiday,,Halloween 2024 - Calendar Date,https://www.calendardate.com/halloween_2024.htm,"Halloween for the year 2024 is celebrated/ observed on Thursday, October 31st. Halloween also referred to as Allhalloween, All Hallows' Eve, or All Saints' Eve.",,True,2024-12-25
Halloween,Holiday,"Sep 14, 2024",Halloween 2024 Is On Friday The 13th For The First Time In 666 Years,https://www.facebook.com/groups/LoveIrelandGroup/posts/1773047996565690/,"It's probably just a fun way to stir up some spooky vibes, but let's get it straight- Halloween is on October 31st, not on any Friday the 13th ...",,True,2024-12-25
Halloween,Holiday,,Halloween 2024 - Calendar-12.com,https://www.calendar-12.com/holidays/halloween/2024,"Halloween in 2024 is on Thursday, October 31 (fifth Thursday of October). Check also the date of Halloween in 2026 and in the following years.",,True,2024-12-25
Halloween,Holiday,,Halloween 2025 in the United States - Time and Date,https://www.timeanddate.com/holidays/us/halloween,"Halloween's roots in the United States date back to 19th-century Irish ... 2024, Thu, Oct 31, Halloween, Observance. 2025, Fri, Oct 31, Halloween, Observance.",,True,2025-12-25
Halloween,Holiday,,Halloween 2025 in the United States - Time and Date,https://www.timeanddate.com/holidays/us/halloween,"Many Americans celebrate Halloween on October 31, often with costume parties, trick-or-treating, and festive decorations. It is one of the most commercially ...",,True,2025-12-25
Halloween,Holiday,,"Halloween: Origins, Meaning & Traditions - History.com",https://www.history.com/articles/history-of-halloween,"When Is Halloween 2025? Halloween is celebrated each year on October 31. Halloween 2025 takes place on Friday, October 31. What is the History of Halloween?",,True,2025-12-25
Halloween,Holiday,"Oct 10, 2025","For the first time in history, Halloween will fall on Friday the 31st ...",https://www.facebook.com/WatchTheGooch/posts/for-the-first-time-in-history-halloween-will-fall-on-friday-the-31st-october-202/1212057987620899/,"For the first time in history, Halloween will fall on Friday the 31st October, 2025. ￼Thought I should share.",,True,2025-12-25
Halloween,Holiday,,Halloween 2025 - Calendar-12.com,https://www.calendar-12.com/holidays/halloween/2025,"Halloween in 2025 is on Friday, October 31 (fifth Friday of October). Check also the date of Halloween in 2026 and in the following years.",,True,2025-12-25
Halloween,Holiday,"Sep 12, 2025",When is Halloween 2025? Spooky fans rejoice over this year's date.,https://www.usatoday.com/story/news/nation/2025/09/12/what-day-is-halloween-2025/86094624007/,"When is Halloween 2025? This year, Halloween falls on Friday, Oct. 31. The next time Halloween will occur on a Friday is 2031. In year's past, ...",,True,2025-12-25
